"Peptide","Visual validation","z","GeneSymbol","Trigger","Target","MS2 RT","Trigger Intensity","MS2 Scan#","MS2 IT","MS3 Scan#","MS3 IT","Trigger Peaks","Target Peaks","# SPS","Quant 1","Quant 2","Quant 3","Quant 4","Quant 5","Quant 6","Quant 7","Quant 8","Quant 9","Quant 10","Quant 11","Quant 12","Quant 13","Quant 14","Quant 15","Quant 16","Quant 17","Quant 18","Sum SN","Iso Spec","FAIMS_CV","% target peaks/trigger peaks (EDJ inserted)","exp.x","...38","...39","...40","target_trigger_ratio","tomahto_detection_count","Protein","Peptide Modified Sequence","Precursor Mz","Total Area MS1","Peptide Sequence","Best Retention Time","Retention Time","Start Time","End Time","Transition Result Is MS1","File Name","Total Area","exp.y","Sum_Raw_Intensities","scan_count"
"AETQAEPPSVGP",TRUE,2,"PB.12098.1|COG8",748.401,743.889,107.07,188237168,26750,28.3,26755,4998,10,7,2,0,0,0,0,0,0,0,0,0,0,0,0,0,4.7,0,74,0,0,78.74,0.943122531,0,"70.00%","tom_result_1",NA,NA,NA,0.7,4,"peptides1","A[+304.2]ETQAEPPSVGP",743.889065,"129663600","AETQAEPPSVGP","107.64",107.61,"107.5","107.72",FALSE,"221023_WTC11TMTpro134N1ug_AS192shTMTpro200fmol_Tomahto_4hr_Fr1.raw","129663600","tom_tmt_1",0,22
"AIEENNNFSK",NA,2,"PB.276.1|STMN1",896.5088,887.4849,110.66,15296656,29349,13.5,29354,4998,16,16,8,0,0,0,0,0,0,0,0,0,0,0,0,0,25.9,0,370,0,0,395.94,0.871656208531457,0,NA,"tom_result_3",NA,NA,NA,1,6,"peptides1","A[+304.2]IEENNNFSK[+304.2]",887.484979,"28318858","AIEENNNFSK","183.29",183.29,"183.26","183.34",TRUE,"221023_WTC11TMTpro134N1ug_AS192shTMTpro200fmol_Tomahto_4hr_Fr8.raw","28318858","tom_tmt_8",2171318376,35225
"AIEENNNFSK",NA,2,"PB.276.1|STMN1",896.5088,887.4849,109.47,32590550,27748,18.8,27752,4998,11,16,10,0,0,0,0,0,0,0,0,0,0,0,0,0,60.6,7.4,800.6,6.2,2.4,877.3,0.946330295721488,0,NA,"tom_result_4",NA,NA,NA,1.45454545454545,6,"peptides1","A[+304.2]IEENNNFSK[+304.2]",887.484979,"250086944","AIEENNNFSK","109.59",109.59,"109.58","109.59",FALSE,"221023_WTC11TMTpro134N1ug_AS192shTMTpro200fmol_Tomahto_4hr_Fr4.raw","250086944","tom_tmt_4",0,9
"AIEENNNFSK",NA,3,"PB.276.1|STMN1",598.0083,591.9924,110.07,5599426.5,29196,4,29208,543.9,7,14,6,0,0,0,0,0,0,0,0,0,0,0,10.3,0,206.9,25.6,3084,43.2,17.4,3387.38,0.681006116125861,0,NA,"tom_result_3",NA,NA,NA,2,5,"peptides1","A[+304.2]IEENNNFSK[+304.2]",591.992412,"80038240","AIEENNNFSK","184.4",184.43,"184.36","184.5",TRUE,"221023_WTC11TMTpro134N1ug_AS192shTMTpro200fmol_Tomahto_4hr_Fr7.raw","80945648","tom_tmt_7",21901881863,35890
"AIEENNNFSK",NA,3,"PB.276.1|STMN1",598.0083,591.9924,109.46,29906432,27747,2.1,27751,177.4,8,17,6,0,0,0,0,0,0,0,0,0,0,0,16.9,0,296,32.9,4104.3,48.5,8.1,4506.82,0.713186690581645,0,NA,"tom_result_4",NA,NA,NA,2.125,5,"peptides1","A[+304.2]IEENNNFSK[+304.2]",591.992412,"80038240","AIEENNNFSK","184.4",184.43,"184.36","184.5",TRUE,"221023_WTC11TMTpro134N1ug_AS192shTMTpro200fmol_Tomahto_4hr_Fr7.raw","80945648","tom_tmt_7",21901881863,35890
"AIEQADLLQEEAETPR",TRUE,2,"PB.15564.1|AP1S2",1063.5678,1059.0559,158.91,464735.9375,42390,900,42398,4998,10,25,4,0,0,0,0,0,0,0,0,0,0,0,0,0,17.1,2.4,179.8,0,0,199.29,0.825228633,0,"250.00%","tom_result_1",NA,NA,NA,2.5,7,"peptides1","A[+304.2]IEQADLLQEEAETPR",1059.05591,"2198464","AIEQADLLQEEAETPR","38.75",38.75,"37.83","39.66",FALSE,"221023_WTC11TMTpro134N1ug_AS192shTMTpro200fmol_Tomahto_4hr_Fr1.raw","2198464","tom_tmt_1",0,10
"AIEQADLLQEEAETPR",TRUE,2,"PB.15564.1|AP1S2",1063.5678,1059.0559,158.38,411890.2188,46452,176.4,46463,4998,6,19,2,0,0,0,0,0,0,0,0,0,0,0,0,0,4.2,0,43.9,0,0,48.14,0.865038106,0,"316.67%","tom_result_2",NA,NA,NA,3.16666666666667,7,"peptides1","A[+304.2]IEQADLLQEEAETPR",1059.05591,"2198464","AIEQADLLQEEAETPR","38.75",39.11,"37.83","39.66",TRUE,"221023_WTC11TMTpro134N1ug_AS192shTMTpro200fmol_Tomahto_4hr_Fr1.raw","2198464","tom_tmt_1",2077068268,38788
"AIEQADLLQEEAETPR",TRUE,3,"PB.15564.1|AP1S2",709.381,706.373,158.24,432757.4688,42323,143.1,42330,4998,11,22,4,0,0,0,0,0,0,0,0,0,0,0,0,0,38.3,3.7,604.5,6.6,4.3,657.4,0.661744996,0,"200.00%","tom_result_1",NA,NA,NA,2,6,"peptides1","A[+304.2]IEQADLLQEEAETPR",706.373032,"8115400192","AIEQADLLQEEAETPR","212.13",211.57,"211.29","212.97",TRUE,"221023_WTC11TMTpro134N1ug_AS192shTMTpro200fmol_Tomahto_4hr_Fr7.raw","8115400192","tom_tmt_7",190286156890,35890
"AIEQADLLQEEAETPR",TRUE,3,"PB.15564.1|AP1S2",709.381,706.373,157.89,736306.5625,46349,60.3,46356,4998,17,23,10,0,0,0,0,0,0,0,0,0,0,0,3.9,0,88.5,10.2,1267.4,19.7,13.7,1403.38,0.702111793,0,"135.29%","tom_result_2",NA,NA,NA,1.35294117647059,6,"peptides1","A[+304.2]IEQADLLQEEAETPR",706.373032,"45779256","AIEQADLLQEEAETPR","38.45",38.32,"37.83","39.66",TRUE,"221023_WTC11TMTpro134N1ug_AS192shTMTpro200fmol_Tomahto_4hr_Fr1.raw","46533428","tom_tmt_1",276374029303,38788
"AIEQADLLQEK",NA,2,"PB.15564.9|AP1S2",942.5689,933.545,152.79,42394548,44335,42.3,44340,4998,16,11,6,0,0,0,0,0,0,0,0,0,0,0,0,0,7.4,0,99.1,0,0,106.48,0.777605737420316,0,NA,"tom_result_3",NA,NA,NA,0.6875,3,"peptides1","A[+304.2]IEQADLLQEK[+304.2]",933.545037,"909393","AIEQADLLQEK","152.05",152.05,"152.04","152.05",FALSE,"221023_WTC11TMTpro134N1ug_AS192shTMTpro200fmol_Tomahto_4hr_Fr3.raw","910724","tom_tmt_3",0,27
"AIEQADLLQEK",NA,3,"PB.15564.9|AP1S2",628.715,622.6991,152.42,597505216,44286,5,44290,3290,14,12,5,0,0,0,0,0,0,0,0,0,0,0,0,0,8.8,0,148.5,0,0,157.3,0.805113916367757,0,NA,"tom_result_3",NA,NA,NA,0.857142857142857,8,"peptides1","A[+304.2]IEQADLLQEK[+304.2]",622.699117,"6895378944","AIEQADLLQEK","200",200,"199.96","200.03",TRUE,"221023_WTC11TMTpro134N1ug_AS192shTMTpro200fmol_Tomahto_4hr_Fr6.raw","6895378944","tom_tmt_6",587509296209,34034
"AIEQADLLQEK",NA,3,"PB.15564.9|AP1S2",628.715,622.6991,151.5,187142816,42258,279,42263,4998,11,10,1,0,0,0,0,0,0,0,0,0,0,0,0,0,1.7,0,71.1,0,0,72.78,0.732887828759471,0,NA,"tom_result_4",NA,NA,NA,0.909090909090909,8,"peptides1","A[+304.2]IEQADLLQEK[+304.2]",622.699117,"684060573696","AIEQADLLQEK","137.74",137.48,"136.05","137.75",TRUE,"221023_WTC11TMTpro134N1ug_AS192shTMTpro200fmol_Tomahto_4hr_Fr7.raw","684060573696","tom_tmt_7",418487736928,35890
"AIEQADLLQEPR",TRUE,2,"PB.15564.20|AP1S2",848.4828,843.9709,140.58,5844644.5,40531,32.3,40537,4998,6,15,3,0,0,0,0,0,0,0,0,0,0,0,0,0,6.7,0,110.6,0,0,117.29,0.954309408,0,"250.00%","tom_result_2",NA,NA,NA,2.5,3,"peptides1","A[+304.2]IEQADLLQEPR",843.97092,"460366240","AIEQADLLQEPR","128.06",128.06,"128.03","128.2",TRUE,"221023_WTC11TMTpro134N1ug_AS192shTMTpro200fmol_Tomahto_4hr_Fr1.raw","460366240","tom_tmt_1",7502131264,38788
"AIEQADLLQEPR",TRUE,3,"PB.15564.20|AP1S2",565.991,562.983,139.93,3410299.25,40432,38.1,40436,4998,17,24,7,0,0,0,0,0,0,0,0,0,0,0,3.3,0,75.5,8.6,1021.4,11.3,6.1,1126.18,0.709748065,0,"141.18%","tom_result_2",NA,NA,NA,1.41176470588235,3,"peptides1","A[+304.2]IEQADLLQEPR",562.983039,"876382528","AIEQADLLQEPR","128.07",128.07,"128.03","128.2",TRUE,"221023_WTC11TMTpro134N1ug_AS192shTMTpro200fmol_Tomahto_4hr_Fr1.raw","876611392","tom_tmt_1",21819257067,38788
"APAALTPPEPPSAEP",NA,3,"PB.131.3|FBXO44",586.6591,583.6512,155.78,19776058,45683,175.4,45687,4998,12,6,3,5.6,0,0,0,0,0,0,0,0,0,0,0,0,8.2,0,106.8,0,0,120.53,0.759397852,0,"50.00%","tom_result_2",NA,NA,NA,0.5,3,"peptides1","A[+304.2]PAALTPPEPPSAEP",583.651178,"9791197184","APAALTPPEPPSAEP","58.79",58.79,"58.28","59.9",TRUE,"221023_WTC11TMTpro134N1ug_AS192shTMTpro200fmol_Tomahto_4hr_Fr1.raw","9791197184","tom_tmt_1",46343400565,38788
"APAALTPPEPPSAEP",NA,3,"PB.131.3|FBXO44",586.6591,583.6512,155.3,74488752,45225,47.8,45230,4998,12,8,2,37,0,0,0,0,0,0,0,0,0,2.9,2,0,34.2,3.7,511.5,0,6.6,597.88,0.715788306176488,0,NA,"tom_result_3",NA,NA,NA,0.666666666666667,3,"peptides1","A[+304.2]PAALTPPEPPSAEP",583.651178,"9791197184","APAALTPPEPPSAEP","58.79",58.79,"58.28","59.9",TRUE,"221023_WTC11TMTpro134N1ug_AS192shTMTpro200fmol_Tomahto_4hr_Fr1.raw","9791197184","tom_tmt_1",46343400565,38788
"APEELLPETPSL",TRUE,2,"PB.703.4|C1orf52",804.9556,800.4437,210.12,134660096,64343,864.4,64347,4998,11,7,3,296.7,0,9.1,0,0,0,0,3,0,0,14.3,0,0,5.3,0,98.4,0,2.9,429.65,0.893401008,0,"63.64%","tom_result_2",NA,NA,NA,0.636363636363636,4,"peptides1","A[+304.2]PEELLPETPSL",800.443673,"2437535","APEELLPETPSL","213.89",213.79,"213.52","214.06",FALSE,"221023_WTC11TMTpro134N1ug_AS192shTMTpro200fmol_Tomahto_4hr_Fr2.raw","2437535","tom_tmt_2",0,107
"APEELLPETPSL",NA,2,"PB.703.4|C1orf52",804.9556,800.4437,210.5,352741792,67782,236.4,67787,3278.9,14,7,2,326.5,0,8.4,0,0,0,0,4.4,0,0,18.7,0,0,4.6,0,98.6,0,0,461.22,1,0,NA,"tom_result_3",NA,NA,NA,0.5,4,"peptides1","A[+304.2]PEELLPETPSL",800.443673,"58098108","APEELLPETPSL","208.88",209.15,"208.82","209.47",FALSE,"221023_WTC11TMTpro134N1ug_AS192shTMTpro200fmol_Tomahto_4hr_Fr3.raw","58375504","tom_tmt_3",0,592
"APLPLGHIK",NA,3,"PB.9965.4|LTA4H",524.6882,518.6723,121.01,80467192,23891,3.3,23896,2788.9,12,14,5,0,0,0,0,0,0,0,0,0,0,0,2.4,0,91.9,10.3,1434,17.1,11.5,1567.1,0.76336963230769,0,NA,"tom_result_7",NA,NA,NA,1.16666666666667,6,"peptides1","A[+304.2]PLPLGHIK[+304.2]",518.672285,"9086714880","APLPLGHIK","223.11",223.27,"222.71","223.84",FALSE,"221023_WTC11TMTpro134N1ug_AS192shTMTpro200fmol_Tomahto_4hr_Fr7.raw","9086714880","tom_tmt_7",0,10
"APLPLGHIK",NA,3,"PB.9965.4|LTA4H",524.6882,518.6723,121.08,243482896,23345,3.7,23349,2035,13,13,4,0,0,0,0,0,0,0,0,0,0,0,0,0,73.8,11.7,1260.9,21.5,7.1,1375.15,0.734982153514951,0,NA,"tom_result_8",NA,NA,NA,1,6,"peptides1","A[+304.2]PLPLGHIK[+304.2]",518.672285,"9086714880","APLPLGHIK","223.11",223.11,"222.71","223.84",TRUE,"221023_WTC11TMTpro134N1ug_AS192shTMTpro200fmol_Tomahto_4hr_Fr7.raw","9086714880","tom_tmt_7",657951500736,35890
"CPALEELDLTACR",NA,3,"PB.8377.3|FBXL15",620.9883,617.9803,175.51,2349124.5,53162,38,53172,4998,11,20,6,0,0,0,0,0,0,0,0,0,0,0,2.8,0,76.2,9.3,1033,14.9,24.6,1160.81,0.682364896742819,0,NA,"tom_result_3",NA,NA,NA,1.81818181818182,1,"peptides1","C[+361.2]PALEELDLTAC[+57]R",617.980312,"484311171072","CPALEELDLTACR","92.42",92.44,"91.81","93.56",TRUE,"221023_WTC11TMTpro134N1ug_AS192shTMTpro200fmol_Tomahto_4hr_Fr1.raw","484311171072","tom_tmt_1",76839790107,38788
"DSYDSYATHNE",TRUE,3,"PB.13447.9|CIRBP",538.9124,535.9044,82.4,1336640,19674,31,19681,4998,7,22,2,0,0,0,0,0,0,0,0,0,0,0,0,0,3.6,0,73,0,0,76.59,0.71918798,0,"314.29%","tom_result_1",NA,NA,NA,3.14285714285714,3,"peptides1","D[+304.2]SYDSYATHNE",535.904454,"6396433","DSYDSYATHNE","169.75",169.76,"169.73","169.8",TRUE,"221023_WTC11TMTpro134N1ug_AS192shTMTpro200fmol_Tomahto_4hr_Fr7.raw","6396433","tom_tmt_7",17447216089,35890
"DTYSPDEHFWVTLNR",NA,3,"PB.5084.7|GCNT2",731.7022,728.6942,165.11,337654784,46729,15.1,46737,4998,17,9,3,0,0,0,0,0,0,0,0,0,0,0,0,0,0,0,39.2,0,0,39.25,1,0,NA,"tom_result_4",NA,NA,NA,0.529411764705882,3,"peptides1","D[+304.2]TYSPDEHFWVTLNR",728.694217,"3366695168","DTYSPDEHFWVTLNR","173.54",173.54,"173.48","173.6",FALSE,"221023_WTC11TMTpro134N1ug_AS192shTMTpro200fmol_Tomahto_4hr_Fr4.raw","3373630464","tom_tmt_4",0,153
"DVHDALVQIISK",NA,3,"PB.4323.3|MTRR",655.4063,649.3904,182.92,22235162,45433,6.8,45438,4998,11,5,1,0,0,0,0,0,0,0,0,0,0,0,0,0,1.9,0,16,0,0,17.89,1,0,NA,"tom_result_6",NA,NA,NA,0.454545454545455,1,"peptides1","D[+304.2]VHDALVQIISK[+304.2]",649.390394,"554964864","DVHDALVQIISK","191.94",191.94,"191.92","191.97",FALSE,"221023_WTC11TMTpro134N1ug_AS192shTMTpro200fmol_Tomahto_4hr_Fr6.raw","554966400","tom_tmt_6",0,10
"DVHDALVQIISK",NA,4,"PB.4323.3|MTRR",491.8065,487.2946,183.06,7332744.5,45463,63.8,45468,4998,9,6,3,0,0,0,0,0,0,0,0,0,0,0,3.3,0,155.1,19.1,2572,34.2,96.4,2880.11,0.67037786622035,0,NA,"tom_result_6",NA,NA,NA,0.666666666666667,2,"peptides1","D[+304.2]VHDALVQIISK[+304.2]",487.294615,"5821183","DVHDALVQIISK","58.29",58.29,"58.25","58.33",TRUE,"221023_WTC11TMTpro134N1ug_AS192shTMTpro200fmol_Tomahto_4hr_Fr1.raw","5821183","tom_tmt_1",1451291522,38788
"DVLGVAAGEAAAGK",NA,3,"PB.3196.1|PCNP",619.0432,613.0273,176.38,3380995.5,51322,40.4,51329,4998,8,4,1,0,0,0,0,0,0,0,0,0,0,0,0,0,12,0,104.6,2.9,0,119.46,1,0,NA,"tom_result_4",NA,NA,NA,0.5,1,"peptides1","D[+304.2]VLGVAAGEAAAGK[+304.2]",613.027345,"378960256","DVLGVAAGEAAAGK","225.08",225.08,"224.81","225.63",TRUE,"221023_WTC11TMTpro134N1ug_AS192shTMTpro200fmol_Tomahto_4hr_Fr8.raw","382792192","tom_tmt_8",4781321825,35225
"DYTGCSTSESLSPVK",NA,3,"PB.1192.1|MPZL1",753.0677,747.0517,128.35,30100278,35861,11,35865,2961.7,16,18,3,0,0,0,0,0,0,0,0,0,0,0,0,0,46.1,5.2,435.2,3.1,0,489.59,0.691540658793352,0,NA,"tom_result_3",NA,NA,NA,1.125,5,"peptides1","D[+304.2]YTGC[+57]STSESLSPVK[+304.2]",747.051778,"49642792","DYTGCSTSESLSPVK","64.7",64.74,"64.69","64.79",TRUE,"221023_WTC11TMTpro134N1ug_AS192shTMTpro200fmol_Tomahto_4hr_Fr4.raw","52642376","tom_tmt_4",81455527739,30228
"DYTGCSTSESLSPVK",NA,3,"PB.1192.1|MPZL1",753.0677,747.0517,127.91,33181252,34250,11.5,34258,4998,10,8,2,0,0,0,0,0,0,0,0,0,0,0,0,0,39.6,3.8,490.2,0,2,535.57,0.746503106066891,0,NA,"tom_result_4",NA,NA,NA,0.8,5,"peptides1","D[+304.2]YTGC[+57]STSESLSPVK[+304.2]",747.051778,"49642792","DYTGCSTSESLSPVK","64.7",64.74,"64.69","64.79",FALSE,"221023_WTC11TMTpro134N1ug_AS192shTMTpro200fmol_Tomahto_4hr_Fr4.raw","52642376","tom_tmt_4",0,260
"EAFATAFSK",NA,2,"PB.15520.5|ZBED1",799.4763,790.4524,150.77,305695552,35252,14,35257,4998,14,12,2,0,0,0,0,0,0,0,0,0,0,0,0,0,5.9,0,62.8,0,7.6,76.2,1,0,NA,"tom_result_6",NA,NA,NA,0.857142857142857,3,"peptides1","E[+304.2]AFATAFSK[+304.2]",790.45242,"6152743","EAFATAFSK","56.49",56.49,"56.05","57.39",TRUE,"221023_WTC11TMTpro134N1ug_AS192shTMTpro200fmol_Tomahto_4hr_Fr2.raw","6152743","tom_tmt_2",6114590579,33751
"EAFATAFSK",NA,3,"PB.15520.5|ZBED1",533.3199,527.304,151.18,241837104,35299,18.5,35303,4998,13,9,5,0,0,0,0,0,0,0,0,0,0,0,0,0,37.9,3.1,585.1,3.7,5.4,635.24,0.756090844605085,0,NA,"tom_result_6",NA,NA,NA,0.692307692307692,4,"peptides1","E[+304.2]AFATAFSK[+304.2]",527.304038,"4929983","EAFATAFSK","150.77",150.77,"150.77","150.77",FALSE,"221023_WTC11TMTpro134N1ug_AS192shTMTpro200fmol_Tomahto_4hr_Fr6.raw","5017681","tom_tmt_6",0,21
"EAFATAFSK",NA,3,"PB.15520.5|ZBED1",533.3199,527.304,151.93,52521756,32274,20.2,32279,4998,10,5,3,0,0,0,0,0,0,0,0,0,0,0,0,0,20.6,2.3,365.9,3.2,3.5,395.53,0.887136735528098,0,NA,"tom_result_7",NA,NA,NA,0.5,4,"peptides1","E[+304.2]AFATAFSK[+304.2]",527.304038,"51234356","EAFATAFSK","137.21",137.21,"137.21","137.36",TRUE,"221023_WTC11TMTpro134N1ug_AS192shTMTpro200fmol_Tomahto_4hr_Fr5.raw","51234356","tom_tmt_5",294068166741,32889
"EGVIEAGAFQGGQR",NA,2,"PB.4182.2|ARFIP1",866.4703,861.9583,120.52,460989184,33227,40.7,33231,4998,18,19,6,0,0,0,0,0,0,0,0,0,0,0,0,0,9.7,0,83.9,0,0,93.64,0.95365525113005,0,NA,"tom_result_3",NA,NA,NA,1.05555555555556,6,"peptides1","E[+304.2]GVIEAGAFQGGQR",861.958344,"453917088","EGVIEAGAFQGGQR","124.54",124.6,"124.54","124.67",TRUE,"221023_WTC11TMTpro134N1ug_AS192shTMTpro200fmol_Tomahto_4hr_Fr4.raw","453917088","tom_tmt_4",54818390577,30228
"EGVIEAGAFQGGQR",NA,3,"PB.4182.2|ARFIP1",577.9826,574.9746,119.85,26127912,33122,12.8,33135,4998,24,12,4,0,0,0,0,0,0,0,0,0,0,0,0,0,19.5,2.3,321.6,3,2.9,349.29,0.67474734652966,0,NA,"tom_result_3",NA,NA,NA,0.5,2,"peptides1","E[+304.2]GVIEAGAFQGGQR",574.974655,"84456376","EGVIEAGAFQGGQR","119.85",119.88,"119.83","119.93",FALSE,"221023_WTC11TMTpro134N1ug_AS192shTMTpro200fmol_Tomahto_4hr_Fr3.raw","86424112","tom_tmt_3",0,11
"EGVIEAGAFQGGQR",NA,3,"PB.4182.2|ARFIP1",577.9826,574.9746,119.66,33318024,31414,10.6,31421,4998,20,9,1,0,0,0,0,0,0,0,0,0,0,0,0,0,0,0,8.4,0,0,8.42,1,0,NA,"tom_result_4",NA,NA,NA,0.45,2,"peptides1","E[+304.2]GVIEAGAFQGGQR",574.974655,"84456376","EGVIEAGAFQGGQR","119.85",119.85,"119.83","119.93",TRUE,"221023_WTC11TMTpro134N1ug_AS192shTMTpro200fmol_Tomahto_4hr_Fr3.raw","86424112","tom_tmt_3",61587818951,30327
"ENGPLGELQ",TRUE,2,"PB.7773.14|MIGA2",635.3533,630.8414,142.84,253715920,38038,103,38042,4998,15,9,5,47.7,0,0,0,0,0,0,0,0,0,0,0,0,10.3,0,161.9,0,0,219.95,0.83665475,0,"60.00%","tom_result_1",NA,NA,NA,0.6,10,"peptides1","E[+304.2]NGPLGELQ",630.841386,"482088480","ENGPLGELQ","115.3",115.3,"115.28","115.35",TRUE,"221023_WTC11TMTpro134N1ug_AS192shTMTpro200fmol_Tomahto_4hr_Fr7.raw","482088480","tom_tmt_7",31765411325,35890
"ENGPLGELQ",TRUE,2,"PB.7773.14|MIGA2",635.3533,630.8414,142.58,665808064,41090,68,41096,4998,14,9,3,7.2,0,0,0,0,0,0,0,0,0,0,0,0,9.7,0,48,0,0,64.88,0.881737226,0,"64.29%","tom_result_2",NA,NA,NA,0.642857142857143,10,"peptides1","E[+304.2]NGPLGELQ",630.841386,"482088480","ENGPLGELQ","115.3",115.3,"115.28","115.35",TRUE,"221023_WTC11TMTpro134N1ug_AS192shTMTpro200fmol_Tomahto_4hr_Fr7.raw","482088480","tom_tmt_7",31765411325,35890
"EQPGSYSDAPEYLWSGTL",NA,2,"PB.12137.1|MARVELD3",1157.0651,1152.5532,226.99,10059667,73056,900,73063,4998,27,19,10,12.7,0,0,0,0,0,0,0,0,0,0,0,0,16.7,0,143.4,0,0,172.74,0.935075177827616,0,NA,"tom_result_3",NA,NA,NA,0.703703703703704,8,"peptides1","E[+304.2]QPGSYSDAPEYLWSGTL",1152.5532,"7879","EQPGSYSDAPEYLWSGTL","227.02",227.02,"227","227.18",TRUE,"221023_WTC11TMTpro134N1ug_AS192shTMTpro200fmol_Tomahto_4hr_Fr2.raw","9443","tom_tmt_2",1650620391,33751
"EQPGSYSDAPEYLWSGTL",NA,2,"PB.12137.1|MARVELD3",1157.0651,1152.5532,227.09,23619336,72203,900,72211,4998,27,25,10,16.2,0,0,0,0,0,0,0,0,0,0,0,0,18.5,0,214.7,0,4.5,254,0.836951636458112,0,NA,"tom_result_4",NA,NA,NA,0.925925925925926,8,"peptides1","E[+304.2]QPGSYSDAPEYLWSGTL",1152.5532,"0","EQPGSYSDAPEYLWSGTL","230.73",230.73,"230.67","230.8",FALSE,"221023_WTC11TMTpro134N1ug_AS192shTMTpro200fmol_Tomahto_4hr_Fr4.raw","0","tom_tmt_4",0,201
"EQPGSYSDAPEYLWSGTL",NA,2,"PB.12137.1|MARVELD3",1157.0651,1152.5532,227,19374184,68088,900,68096,4998,26,23,10,22.6,0,0,0,0,0,0,0,0,0,0,0,0,21.9,2.5,274.1,0,5.9,327.06,0.812651985740456,0,NA,"tom_result_5",NA,NA,NA,0.884615384615385,8,"peptides1","E[+304.2]QPGSYSDAPEYLWSGTL",1152.5532,"7879","EQPGSYSDAPEYLWSGTL","227.02",227.02,"227","227.18",TRUE,"221023_WTC11TMTpro134N1ug_AS192shTMTpro200fmol_Tomahto_4hr_Fr2.raw","9443","tom_tmt_2",1650620391,33751
"EQPGSYSDAPEYLWSGTL",NA,2,"PB.12137.1|MARVELD3",1157.0651,1152.5532,227.09,30692622,62534,270.6,62540,4998,26,17,7,12.3,0,0,0,0,0,0,0,0,0,0,0,0,18.3,0,237.3,3.9,5,276.84,0.910732736915076,0,NA,"tom_result_6",NA,NA,NA,0.653846153846154,8,"peptides1","E[+304.2]QPGSYSDAPEYLWSGTL",1152.5532,"531771200","EQPGSYSDAPEYLWSGTL","98.54",98.63,"98.4","98.7",TRUE,"221023_WTC11TMTpro134N1ug_AS192shTMTpro200fmol_Tomahto_4hr_Fr1.raw","531771200","tom_tmt_1",1498651169,38788
"EQPGSYSDAPEYLWSGTL",NA,2,"PB.12137.1|MARVELD3",1157.0651,1152.5532,227.23,46829980,57460,487.6,57465,4998,23,15,9,5.6,0,0,0,0,0,0,0,0,0,0,0,0,8.4,0,118.7,0,4.8,137.43,0.803710201444992,0,NA,"tom_result_7",NA,NA,NA,0.652173913043478,8,"peptides1","E[+304.2]QPGSYSDAPEYLWSGTL",1152.5532,"7879","EQPGSYSDAPEYLWSGTL","227.02",227.02,"227","227.18",TRUE,"221023_WTC11TMTpro134N1ug_AS192shTMTpro200fmol_Tomahto_4hr_Fr2.raw","9443","tom_tmt_2",1650620391,33751
"ETALATACWSVLK",NA,3,"PB.7773.14|MIGA2",692.7391,686.7231,189.75,5717174.5,47613,10.8,47620,4998,6,3,2,0,0,0,0,0,0,0,0,0,0,0,0,0,46.4,3.8,336.2,0,3.5,389.81,0.933105915942617,0,NA,"tom_result_6",NA,NA,NA,0.5,1,"peptides1","E[+304.2]TALATAC[+57]WSVLK[+304.2]",686.723156,"4232289536","ETALATACWSVLK","151.73",151.73,"151.72","151.79",TRUE,"221023_WTC11TMTpro134N1ug_AS192shTMTpro200fmol_Tomahto_4hr_Fr5.raw","4232289536","tom_tmt_5",204224864159,32889
"GGSNLIPLEGHEHDFR",NA,4,"PB.13047.16|EXOC7",523.5286,521.2726,114.81,1191375360,30997,20.7,31001,1503.8,8,6,2,54.2,0,2.2,0,0,0,0,0,0,0,6.2,0,0,26.4,0,183.2,0,3.6,275.83,0.690507962334714,0,NA,"tom_result_3",NA,NA,NA,0.75,2,"peptides1","G[+304.2]GSNLIPLEGHEHDFR",521.272649,"823788","GGSNLIPLEGHEHDFR","198.7",198.85,"198.7","199",TRUE,"221023_WTC11TMTpro134N1ug_AS192shTMTpro200fmol_Tomahto_4hr_Fr7.raw","823788","tom_tmt_7",20556618820,35890
"GVNAIVYMIDAADR",NA,3,"PB.2724.6|ARL8B",607.6676,604.6597,224.82,1150568,61679,186.4,61683,4998,17,21,4,0,0,0,0,0,0,0,0,0,0,0,2.7,0,18.1,0,280.8,0,17.6,319.18,0.783807294404515,0,NA,"tom_result_6",NA,NA,NA,1.23529411764706,2,"peptides1","G[+304.2]VNAIVYMIDAADR",604.659679,"73600589824","GVNAIVYMIDAADR","56.14",56.14,"55.7","56.9",TRUE,"221023_WTC11TMTpro134N1ug_AS192shTMTpro200fmol_Tomahto_4hr_Fr5.raw","73600589824","tom_tmt_5",148400622636,32889
"GVNAIVYMIDAADR",NA,3,"PB.2724.6|ARL8B",607.6676,604.6597,224.76,1393612.25,56396,43.1,56404,4998,8,16,1,0,0,0,0,0,0,0,0,0,0,0,0,0,0,0,20.4,0,0,20.44,0.7585596525699,0,NA,"tom_result_7",NA,NA,NA,2,2,"peptides1","G[+304.2]VNAIVYMIDAADR",604.659679,"882751936","GVNAIVYMIDAADR","195.77",195.77,"195.73","195.81",TRUE,"221023_WTC11TMTpro134N1ug_AS192shTMTpro200fmol_Tomahto_4hr_Fr3.raw","882751936","tom_tmt_3",22617482472,30327
"HTPGDQDCDELGR",TRUE,3,"PB.12095.3|CHTF8",604.9545,601.9465,60.29,1427333.625,13256,51.7,13260,4998,8,24,2,0,0,0,0,0,0,0,0,0,0,0,0,0,26.1,2.5,217.9,3.7,2.2,252.45,0.786010952,0,"300.00%","tom_result_1",NA,NA,NA,3,3,"peptides1","H[+304.2]TPGDQDC[+57]DELGR",601.946548,"2313351","HTPGDQDCDELGR","164.04",164.07,"164.03","164.12",TRUE,"221023_WTC11TMTpro134N1ug_AS192shTMTpro200fmol_Tomahto_4hr_Fr3.raw","2313351","tom_tmt_3",5562786693,30327
"IWDIGGQPR",NA,2,"PB.2724.6|ARL8B",677.8929,673.381,145.92,12400808,33809,5,33816,4998,7,7,3,0,0,0,0,0,0,0,0,0,0,0,0,0,19,2.8,356.5,0,5.3,383.69,0.917513000306522,0,NA,"tom_result_6",NA,NA,NA,1,2,"peptides1","I[+304.2]WDIGGQPR",673.381013,"49129560","IWDIGGQPR","114.73",114.73,"114.67","114.77",TRUE,"221023_WTC11TMTpro134N1ug_AS192shTMTpro200fmol_Tomahto_4hr_Fr1.raw","49164964","tom_tmt_1",44776559014,38788
"LAPAHVDEQVFLYENAR",NA,3,"PB.15520.5|ZBED1",762.4126,759.4047,157.5,2557069312,45950,20.7,45955,1000,24,18,9,36.8,0,0,0,0,0,0,0,0,0,0,3.5,0,43.9,3.7,499.4,6.3,7.6,601.16,0.783772435935697,0,NA,"tom_result_3",NA,NA,NA,0.75,4,"peptides1","L[+304.2]APAHVDEQVFLYENAR",759.404666,"78995088","LAPAHVDEQVFLYENAR","158.16",158.13,"158.08","158.17",FALSE,"221023_WTC11TMTpro134N1ug_AS192shTMTpro200fmol_Tomahto_4hr_Fr3.raw","81080416","tom_tmt_3",0,266
"LAPAHVDEQVFLYENAR",NA,3,"PB.15520.5|ZBED1",762.4126,759.4047,155.62,1618610560,43433,12.3,43437,4998,10,6,1,0,0,0,0,0,0,0,0,0,0,0,0,0,2.4,0,22.9,0,0,25.36,1,0,NA,"tom_result_4",NA,NA,NA,0.6,4,"peptides1","L[+304.2]APAHVDEQVFLYENAR",759.404666,"818277696","LAPAHVDEQVFLYENAR","189.12",189.15,"189.09","189.22",FALSE,"221023_WTC11TMTpro134N1ug_AS192shTMTpro200fmol_Tomahto_4hr_Fr4.raw","818277696","tom_tmt_4",0,380
"LAPAHVDEQVFLYENAR",NA,4,"PB.15520.5|ZBED1",572.0613,569.8053,157.63,86134888,45964,39.7,45968,4998,12,7,1,10.9,0,0,0,0,0,0,1.9,0,0,0,0,0,5.6,0,107,0,4,129.47,1,0,NA,"tom_result_3",NA,NA,NA,0.583333333333333,2,"peptides1","L[+304.2]APAHVDEQVFLYENAR",569.805319,"98942512","LAPAHVDEQVFLYENAR","58.79",58.79,"58.78","58.88",TRUE,"221023_WTC11TMTpro134N1ug_AS192shTMTpro200fmol_Tomahto_4hr_Fr1.raw","98942512","tom_tmt_1",46151201982,38788
"LAQQGSDLIVPAGGQR",NA,2,"PB.4182.4|ARFIP1",962.052,957.54,133.23,7449045.5,33586,39.7,33591,4998,13,20,5,0,0,0,0,0,0,0,0,0,0,0,0,0,33.8,2.7,410.5,0,0,447.01,0.977821314679493,0,NA,"tom_result_5",NA,NA,NA,1.53846153846154,2,"peptides1","L[+304.2]AQQGSDLIVPAGGQR",957.540033,"1977209600","LAQQGSDLIVPAGGQR","157.03",157.03,"157.01","157.11",TRUE,"221023_WTC11TMTpro134N1ug_AS192shTMTpro200fmol_Tomahto_4hr_Fr7.raw","1977209600","tom_tmt_7",44787230860,35890
"LAQQGSDLIVPAGGQR",NA,3,"PB.4182.4|ARFIP1",641.7037,638.6958,133.64,4594234.5,36215,10.9,36224,4998,6,7,1,0,0,0,0,0,0,0,0,0,0,0,0,0,0,0,20,0,2.8,22.82,1,0,NA,"tom_result_4",NA,NA,NA,1.16666666666667,7,"peptides1","L[+304.2]AQQGSDLIVPAGGQR",638.695781,"369382912","LAQQGSDLIVPAGGQR","170.66",170.66,"170.4","171.07",TRUE,"221023_WTC11TMTpro134N1ug_AS192shTMTpro200fmol_Tomahto_4hr_Fr1.raw","369382912","tom_tmt_1",3581057164,38788
"LAQQGSDLIVPAGGQR",NA,3,"PB.4182.4|ARFIP1",641.7037,638.6958,133.19,31689088,33570,6.6,33579,826.4,12,19,5,0,0,0,0,0,0,0,0,0,0,0,3.1,0,41.6,5.1,618.2,11.6,7.4,687.01,0.69405541624013,0,NA,"tom_result_5",NA,NA,NA,1.58333333333333,7,"peptides1","L[+304.2]AQQGSDLIVPAGGQR",638.695781,"369382912","LAQQGSDLIVPAGGQR","170.66",170.66,"170.4","171.07",TRUE,"221023_WTC11TMTpro134N1ug_AS192shTMTpro200fmol_Tomahto_4hr_Fr1.raw","369382912","tom_tmt_1",3581057164,38788
"LCSHPGCTEDESHADLLR",TRUE,3,"PB.7779.2|ASB6",804.0527,801.0447,95.45,6308752,24817,31.7,24822,4998,14,6,2,0,0,0,0,0,0,0,0,0,0,0,0,0,2.6,0,63.9,0,0,66.48,1,0,"42.86%","tom_result_2",NA,NA,NA,0.428571428571429,1,"peptides1","L[+304.2]C[+57]SHPGC[+57]TEDESHADLLR",801.044704,"3250307","LCSHPGCTEDESHADLLR","157.04",157.06,"157","157.13",TRUE,"221023_WTC11TMTpro134N1ug_AS192shTMTpro200fmol_Tomahto_4hr_Fr3.raw","3250307","tom_tmt_3",7067306242,30327
"LDPFADGNSFPLFYK",NA,3,"PB.2461.9|SF3B1",786.4397,780.4237,243.38,78021.5078125,68498,349.4,68505,4998,6,4,1,0,0,0,0,0,0,0,0,0,0,0,0,0,3.2,0,83.1,0,0,86.37,1,0,NA,"tom_result_6",NA,NA,NA,0.666666666666667,1,"peptides1","L[+304.2]DPFADGNSFPLFYK[+304.2]",780.423764,"12758530","LDPFADGNSFPLFYK","245.58",245.72,"245.36","246.08",FALSE,"221023_WTC11TMTpro134N1ug_AS192shTMTpro200fmol_Tomahto_4hr_Fr6.raw","15283896","tom_tmt_6",0,106
"LEPAGPACPEGGR",TRUE,2,"PB.12098.1|COG8",812.427,807.9151,90.2,14636172,23111,59,23115,4998,12,6,1,0,0,0,0,0,0,0,0,0,0,0,0,0,0,0,13.6,0,0,13.61,0.806214224,0,"50.00%","tom_result_2",NA,NA,NA,0.5,1,"peptides1","L[+304.2]EPAGPAC[+57]PEGGR",807.915091,"70691368","LEPAGPACPEGGR","90.49",90.47,"90.44","90.5",FALSE,"221023_WTC11TMTpro134N1ug_AS192shTMTpro200fmol_Tomahto_4hr_Fr2.raw","70706696","tom_tmt_2",0,11
"LFGSAANVVSAK",NA,2,"PB.15520.5|ZBED1",895.5556,886.5317,165.81,147110896,36043,73.9,36050,4998,19,15,8,0,0,0,0,0,0,0,0,0,0,0,0,0,11,0,260.2,0,3.8,274.95,0.845703151764027,0,NA,"tom_result_8",NA,NA,NA,0.789473684210526,4,"peptides1","L[+304.2]FGSAANVVSAK[+304.2]",886.531733,"0","LFGSAANVVSAK","165.9",165.9,"165.89","165.92",TRUE,"221023_WTC11TMTpro134N1ug_AS192shTMTpro200fmol_Tomahto_4hr_Fr7.raw","0","tom_tmt_7",44206339421,35890
"LFGSAANVVSAK",NA,3,"PB.15520.5|ZBED1",597.3728,591.3569,164.98,397228832,35940,5.1,35946,4998,12,5,1,0,0,0,0,0,0,0,0,0,0,0,0,0,8.8,0,104.6,0,0,113.34,1,0,NA,"tom_result_8",NA,NA,NA,0.416666666666667,1,"peptides1","L[+304.2]FGSAANVVSAK[+304.2]",591.356914,"3922573","LFGSAANVVSAK","165.82",165.71,"165.71","165.83",FALSE,"221023_WTC11TMTpro134N1ug_AS192shTMTpro200fmol_Tomahto_4hr_Fr8.raw","3949060","tom_tmt_8",193703,17
"LKPESSQQPGQDALAVK",NA,3,"PB.15520.5|ZBED1",912.5541,903.5302,127.02,146297472,31570,46.4,31577,4998,15,13,8,0,0,0,0,0,0,0,0,0,0,0,3.8,0,37.9,4.5,566.8,8.1,38.1,659.27,0.867687231582322,0,NA,"tom_result_5",NA,NA,NA,0.866666666666667,4,"peptides1","L[+304.2]K[+304.2]PESSQQPGQDALAVK[+304.2]",903.53028,"228151856","LKPESSQQPGQDALAVK","211.57",211.57,"211.54","211.57",TRUE,"221023_WTC11TMTpro134N1ug_AS192shTMTpro200fmol_Tomahto_4hr_Fr7.raw","228151856","tom_tmt_7",146473257121,35890
"LKPESSQQPGQDALAVK",NA,3,"PB.15520.5|ZBED1",912.5541,903.5302,127.2,125355472,28180,100.9,28186,4998,21,24,10,0,0,0,0,0,0,0,0,0,0,0,0,0,58.2,5.1,793.4,12.3,31.8,900.78,0.680771449672826,0,NA,"tom_result_6",NA,NA,NA,1.14285714285714,4,"peptides1","L[+304.2]K[+304.2]PESSQQPGQDALAVK[+304.2]",903.53028,"2736958208","LKPESSQQPGQDALAVK","106.26",106.26,"106.19","106.37",TRUE,"221023_WTC11TMTpro134N1ug_AS192shTMTpro200fmol_Tomahto_4hr_Fr3.raw","2736958208","tom_tmt_3",11640690523,30327
"LTDGFMLPDPQNISLR",NA,2,"PB.1279.1|TSEN15",1065.5822,1061.0703,221.32,1943133.375,60101,444.9,60105,4998,6,4,2,0,0,0,0,0,0,0,0,0,0,0,0,0,0,0,44.2,0,0,44.2,1,0,NA,"tom_result_6",NA,NA,NA,0.666666666666667,4,"peptides1","L[+304.2]TDGFMLPDPQNISLR",1061.070308,"1643138304","LTDGFMLPDPQNISLR","112.83",112.78,"111.7","113.25",TRUE,"221023_WTC11TMTpro134N1ug_AS192shTMTpro200fmol_Tomahto_4hr_Fr1.raw","1643138304","tom_tmt_1",828055717,38788
"LTDGFMLPDPQNISLR",NA,2,"PB.1279.1|TSEN15",1065.5822,1061.0703,221.49,4953164.5,55011,257.6,55020,4998,8,5,2,0,0,0,0,0,0,0,0,0,0,0,0,0,2.7,0,34.7,0,2.1,39.5,1,0,NA,"tom_result_7",NA,NA,NA,0.625,4,"peptides1","L[+304.2]TDGFMLPDPQNISLR",1061.070308,"1643138304","LTDGFMLPDPQNISLR","112.83",112.78,"111.7","113.25",TRUE,"221023_WTC11TMTpro134N1ug_AS192shTMTpro200fmol_Tomahto_4hr_Fr1.raw","1643138304","tom_tmt_1",828055717,38788
"LTDGFMLPDPQNISLR",NA,2,"PB.1279.1|TSEN15",1065.5822,1061.0703,221.35,6136612,56192,900,56198,4998,9,5,2,0,0,0,0,0,0,0,0,0,0,0,0,0,4.3,0,49.7,0,2.5,56.57,0.852639535417894,0,NA,"tom_result_8",NA,NA,NA,0.555555555555556,4,"peptides1","L[+304.2]TDGFMLPDPQNISLR",1061.070308,"821204416","LTDGFMLPDPQNISLR","152.17",152.14,"152.12","152.2",TRUE,"221023_WTC11TMTpro134N1ug_AS192shTMTpro200fmol_Tomahto_4hr_Fr5.raw","821204416","tom_tmt_5",5086567187,32889
"LTDGFMLPDPQNISLR",NA,3,"PB.1279.1|TSEN15",710.7239,707.7159,221.49,37532480,55010,26,55015,4998,10,9,3,0,0,0,0,0,0,0,0,0,0,0,0,0,2.8,0,56.7,0,2.3,61.75,0.761830673219242,0,NA,"tom_result_7",NA,NA,NA,0.9,2,"peptides1","L[+304.2]TDGFMLPDPQNISLR",707.715964,"3662811136","LTDGFMLPDPQNISLR","112.45",112.6,"111.7","113.25",TRUE,"221023_WTC11TMTpro134N1ug_AS192shTMTpro200fmol_Tomahto_4hr_Fr1.raw","3662811136","tom_tmt_1",2332988424,38788
"LTDGFMLPDPQNISLR",NA,3,"PB.1279.1|TSEN15",710.7239,707.7159,221.52,14658216,56224,41.4,56229,4998,10,8,3,0,0,0,0,0,0,0,0,0,0,0,0,0,7.3,0,96.1,0,5.1,108.55,0.690437243580813,0,NA,"tom_result_8",NA,NA,NA,0.8,2,"peptides1","L[+304.2]TDGFMLPDPQNISLR",707.715964,"3662811136","LTDGFMLPDPQNISLR","112.45",112.6,"111.7","113.25",TRUE,"221023_WTC11TMTpro134N1ug_AS192shTMTpro200fmol_Tomahto_4hr_Fr1.raw","3662811136","tom_tmt_1",2332988424,38788
"LTMVPPNIAELK",NA,2,"PB.7974.1|RSU1",976.6095,967.5856,203.3,46476980,48354,66.3,48358,4998,17,10,8,0,0,0,0,0,0,0,0,0,0,0,0,0,14.6,4,272.6,0,4.1,295.34,0.887475717486989,0,NA,"tom_result_7",NA,NA,NA,0.588235294117647,3,"peptides1","L[+304.2]TMVPPNIAELK[+304.2]",967.585651,"9449551","LTMVPPNIAELK","51.45",51.57,"51.31","51.62",TRUE,"221023_WTC11TMTpro134N1ug_AS192shTMTpro200fmol_Tomahto_4hr_Fr3.raw","9449551","tom_tmt_3",800298007,30327
"LTMVPPNIAELK",NA,2,"PB.7974.1|RSU1",976.6095,967.5856,205.03,2649751,49801,79.6,49811,4998,6,3,1,0,0,0,0,0,0,0,0,0,0,0,0,0,3.2,0,37.6,0,0,40.82,1,0,NA,"tom_result_8",NA,NA,NA,0.5,3,"peptides1","L[+304.2]TMVPPNIAELK[+304.2]",967.585651,"1176681","LTMVPPNIAELK","248.21",248.21,"248.14","248.29",TRUE,"221023_WTC11TMTpro134N1ug_AS192shTMTpro200fmol_Tomahto_4hr_Fr1.raw","1176681","tom_tmt_1",425157617,38788
"LTMVPPNIAELK",NA,3,"PB.7974.1|RSU1",651.4088,645.3928,202.96,126786496,48312,16,48318,4998,14,8,4,0,0,0,0,0,0,0,0,0,0,0,2.3,0,91.3,10.6,1134.8,6.5,10.2,1255.71,0.688846651464348,0,NA,"tom_result_7",NA,NA,NA,0.571428571428571,2,"peptides1","L[+304.2]TMVPPNIAELK[+304.2]",645.392859,"2091969","LTMVPPNIAELK","204.11",204.11,"204.07","204.12",TRUE,"221023_WTC11TMTpro134N1ug_AS192shTMTpro200fmol_Tomahto_4hr_Fr8.raw","2092845","tom_tmt_8",56029501752,35225
"LTMVPPNIAELK",NA,3,"PB.7974.1|RSU1",651.4088,645.3928,203.89,76902000,49604,14.2,49609,4998,12,7,3,0,0,0,0,0,0,0,0,0,0,0,0,0,56.6,9.4,1196.2,12,13.6,1287.78,0.698151489412017,0,NA,"tom_result_8",NA,NA,NA,0.583333333333333,2,"peptides1","L[+304.2]TMVPPNIAELK[+304.2]",645.392859,"842639","LTMVPPNIAELK","248.22",248.22,"248.14","248.29",TRUE,"221023_WTC11TMTpro134N1ug_AS192shTMTpro200fmol_Tomahto_4hr_Fr1.raw","842639","tom_tmt_1",2468204634,38788
"LTNSAEVAK",NA,2,"PB.7962.2|HSPA14",779.987,770.9631,101.8,39347088,25190,9.3,25195,4998,9,14,6,0,0,0,0,0,0,0,0,2.1,0,0,0,0,16,3.3,265,0,0,286.44,0.795192281456832,0,NA,"tom_result_4",NA,NA,NA,1.55555555555556,7,"peptides1","L[+304.2]TNSAEVAK[+304.2]",770.963151,"531281568","LTNSAEVAK","195.78",195.78,"195.11","195.82",TRUE,"221023_WTC11TMTpro134N1ug_AS192shTMTpro200fmol_Tomahto_4hr_Fr8.raw","596094272","tom_tmt_8",4011010059,35225
"LTNSAEVAK",NA,2,"PB.7962.2|HSPA14",779.987,770.9631,100.66,25222716,23369,32.5,23375,4998,8,14,6,0,0,0,0,0,0,0,0,0,0,0,2.2,0,51.6,6.5,674.6,0,5.3,740.25,0.900339049610574,0,NA,"tom_result_5",NA,NA,NA,1.75,7,"peptides1","L[+304.2]TNSAEVAK[+304.2]",770.963151,"70222304","LTNSAEVAK","68.21",68.12,"68.11","68.37",TRUE,"221023_WTC11TMTpro134N1ug_AS192shTMTpro200fmol_Tomahto_4hr_Fr1.raw","70222304","tom_tmt_1",3596499779,38788
"LTNSAEVAK",NA,3,"PB.7962.2|HSPA14",520.3271,514.3112,101.94,23586284,25214,7,25221,798.7,7,11,6,0,0,0,0,0,0,0,0,0,0,0,3.2,0,200.3,27,2899.7,40.8,23.2,3194.21,0.784175242055085,0,NA,"tom_result_4",NA,NA,NA,1.57142857142857,6,"peptides1","L[+304.2]TNSAEVAK[+304.2]",514.311193,"617314304","LTNSAEVAK","55",55,"54.89","55.06",TRUE,"221023_WTC11TMTpro134N1ug_AS192shTMTpro200fmol_Tomahto_4hr_Fr6.raw","617314304","tom_tmt_6",221385042849,34034
"LTNSAEVAK",NA,3,"PB.7962.2|HSPA14",520.3271,514.3112,100.93,29000414,23413,9.9,23421,489.8,9,12,6,0,0,0,0,0,0,0,0,0,0,0,8,0,236.1,26.1,3075.9,41.8,29.1,3417.03,0.774483734047623,0,NA,"tom_result_5",NA,NA,NA,1.33333333333333,6,"peptides1","L[+304.2]TNSAEVAK[+304.2]",514.311193,"5553459200","LTNSAEVAK","68.14",68.14,"68.11","68.37",TRUE,"221023_WTC11TMTpro134N1ug_AS192shTMTpro200fmol_Tomahto_4hr_Fr1.raw","5631095296","tom_tmt_1",50618757883,38788
"MLNHENVVK",NA,3,"PB.9357.6|CHEK1",570.6794,564.6634,95.5,253169392,22020,2.2,22025,4998,10,9,1,0,0,0,0,0,0,0,0,0,0,0,0,0,2.4,0,29.3,0,0,31.72,0.790825190421654,0,NA,"tom_result_5",NA,NA,NA,0.9,5,"peptides1","M[+304.2]LNHENVVK[+304.2]",564.663461,"59020496","MLNHENVVK","154.73",154.73,"154.69","154.76",TRUE,"221023_WTC11TMTpro134N1ug_AS192shTMTpro200fmol_Tomahto_4hr_Fr4.raw","59020496","tom_tmt_4",107298926294,30228
"MLNHENVVK",NA,3,"PB.9357.6|CHEK1",570.6794,564.6634,95.94,27594778,19604,6.7,19609,3810.5,6,6,1,0,0,0,0,0,0,0,0,0,0,0,0,0,5.9,0,52,0,0,57.91,1,0,NA,"tom_result_6",NA,NA,NA,1,5,"peptides1","M[+304.2]LNHENVVK[+304.2]",564.663461,"17923760128","MLNHENVVK","147.53",147.53,"147.15","147.7",TRUE,"221023_WTC11TMTpro134N1ug_AS192shTMTpro200fmol_Tomahto_4hr_Fr7.raw","17923760128","tom_tmt_7",146747724041,35890
"MNNVNVVYTPWSNLK",NA,3,"PB.6813.5|CCDC25",802.4553,796.4394,202.55,9259655,49305,42.4,49314,4998,18,15,7,0,0,0,0,0,0,0,0,0,0,0,0,0,14.1,4.4,224.6,0,3.6,246.67,0.93956435812064,0,NA,"tom_result_8",NA,NA,NA,0.833333333333333,3,"peptides1","M[+304.2]NNVNVVYTPWSNLK[+304.2]",796.439419,"7788803072","MNNVNVVYTPWSNLK","151.9",152.3,"151.14","152.84",TRUE,"221023_WTC11TMTpro134N1ug_AS192shTMTpro200fmol_Tomahto_4hr_Fr2.raw","7788803072","tom_tmt_2",30071351199,33751
"NAELCEIPPTSDTK",NA,2,"PB.2278.2|UBXN4",1101.103,1092.0791,128.73,5325336.5,36008,900,36019,4998,13,9,9,0,0,0,0,0,0,0,0,0,2,0,0,0,33.7,3.3,397.7,0,2.1,438.81,0.8431661897696,0,NA,"tom_result_3",NA,NA,NA,0.692307692307692,2,"peptides1","N[+304.2]AELC[+57]EIPPTSDTK[+304.2]",1092.079115,"7635915","NAELCEIPPTSDTK","71.01",70.78,"70.02","71.54",FALSE,"221023_WTC11TMTpro134N1ug_AS192shTMTpro200fmol_Tomahto_4hr_Fr3.raw","7635915","tom_tmt_3",0,6
"NAELCEIPPTSDTK",TRUE,3,"PB.2278.2|UBXN4",734.4044,728.3885,127.07,1616647.75,36017,30.3,36027,4998,7,5,2,0,0,0,0,0,0,0,0,0,0,0,0,0,24.1,3.4,307,0,5.6,340.12,0.669694913,0,"71.43%","tom_result_2",NA,NA,NA,0.714285714285714,7,"peptides1","N[+304.2]AELC[+57]EIPPTSDTK[+304.2]",728.388502,"8735545344","NAELCEIPPTSDTK","194.46",194.46,"194.42","194.61",TRUE,"221023_WTC11TMTpro134N1ug_AS192shTMTpro200fmol_Tomahto_4hr_Fr6.raw","8735545344","tom_tmt_6",233369037806,34034
"NAELCEIPPTSDTK",NA,3,"PB.2278.2|UBXN4",734.4044,728.3885,126.98,46266936,35526,19.8,35530,4998,7,6,4,0,0,0,0,0,0,0,0,0,0,0,0,0,8.4,0,215.1,3.2,4.6,231.24,0.762625808727818,0,NA,"tom_result_3",NA,NA,NA,0.857142857142857,7,"peptides1","N[+304.2]AELC[+57]EIPPTSDTK[+304.2]",728.388502,"8735545344","NAELCEIPPTSDTK","194.46",194.46,"194.42","194.61",TRUE,"221023_WTC11TMTpro134N1ug_AS192shTMTpro200fmol_Tomahto_4hr_Fr6.raw","8735545344","tom_tmt_6",233369037806,34034
"NASSEEIQR",TRUE,2,"PB.8894.4|NXF1",673.8646,669.3526,48.88,3619116.25,10069,86.4,10075,4998,9,11,2,0,0,0,0,0,0,0,0,0,0,0,0,0,17.4,3,284.6,0,0,305.02,0.662175451,0,"122.22%","tom_result_1",NA,NA,NA,1.22222222222222,4,"peptides1","N[+304.2]ASSEEIQR",669.352649,"68028128","NASSEEIQR","49.19",49.2,"49.19","49.2",FALSE,"221023_WTC11TMTpro134N1ug_AS192shTMTpro200fmol_Tomahto_4hr_Fr1.raw","68035320","tom_tmt_1",0,11
"NHPEEFCEFVK",NA,3,"PB.15520.5|ZBED1",688.0359,682.0199,129.16,36937896,36086,5.4,36091,4998,14,10,2,0,0,0,0,0,0,0,0,0,0,0,0,0,12.4,0,198.1,0,3.8,214.33,0.682952743348828,0,NA,"tom_result_3",NA,NA,NA,0.714285714285714,6,"peptides1","N[+304.2]HPEEFC[+57]EFVK[+304.2]",682.019973,"193911488","NHPEEFCEFVK","129.17",129.15,"129.14","129.17",FALSE,"221023_WTC11TMTpro134N1ug_AS192shTMTpro200fmol_Tomahto_4hr_Fr3.raw","194854144","tom_tmt_3",0,18
"NHPEEFCEFVK",NA,3,"PB.15520.5|ZBED1",688.0359,682.0199,128.62,13606110,34384,7.7,34392,4998,13,9,5,0,0,0,0,0,0,0,0,0,0,0,0,0,19.8,2.4,368.5,0,6.4,397.12,0.829277507818897,0,NA,"tom_result_4",NA,NA,NA,0.692307692307692,6,"peptides1","N[+304.2]HPEEFC[+57]EFVK[+304.2]",682.019973,"34269212","NHPEEFCEFVK","193.9",193.9,"193.85","193.95",TRUE,"221023_WTC11TMTpro134N1ug_AS192shTMTpro200fmol_Tomahto_4hr_Fr8.raw","34269212","tom_tmt_8",1364061672,35225
"NWDQEDEAEEGK",NA,3,"PB.15458.1|NUP50",692.6843,686.6684,125.05,538675.5,32666,25.6,32675,4998,6,3,1,0,0,0,0,0,0,0,0,0,0,0,0,0,5.1,0,54.8,0,0,59.9,1,0,"50.00%","tom_result_1",NA,NA,NA,0.5,1,"peptides1","N[+304.2]WDQEDEAEEGK[+304.2]",686.668433,"1665448","NWDQEDEAEEGK","115.05",115.05,"115.04","115.06",FALSE,"221023_WTC11TMTpro134N1ug_AS192shTMTpro200fmol_Tomahto_4hr_Fr1.raw","1706212","tom_tmt_1",0,127
"QAGEGLLDAR",NA,2,"PB.15135.8|SLC25A1",671.8853,667.3734,101.51,1190772736,26554,12.2,26561,2354.1,10,4,1,0,0,0,0,0,0,0,0,0,0,0,0,0,0,0,4.3,0,0,4.28,1,0,"40.00%","tom_result_2",NA,NA,NA,0.4,1,"peptides1","Q[+304.2]AGEGLLDAR",667.373385,"60168339456","QAGEGLLDAR","107.93",107.93,"107.23","108.91",TRUE,"221023_WTC11TMTpro134N1ug_AS192shTMTpro200fmol_Tomahto_4hr_Fr7.raw","60168339456","tom_tmt_7",797079011061,35890
"QLESYPPPLK",NA,3,"PB.7779.2|ASB6",600.0374,594.0215,140.1,19209592,32156,6.7,32163,4998,7,3,1,0,0,0,0,0,0,0,0,0,0,0,0,0,0,0,28.4,0,2.3,30.63,1,0,NA,"tom_result_6",NA,NA,NA,0.428571428571429,1,"peptides1","Q[+304.2]LESYPPPLK[+304.2]",594.021531,"609090368","QLESYPPPLK","140.9",140.9,"140.89","140.92",TRUE,"221023_WTC11TMTpro134N1ug_AS192shTMTpro200fmol_Tomahto_4hr_Fr5.raw","609090368","tom_tmt_5",1004901374177,32889
"QLLSCFQNAFIASK",NA,3,"PB.5084.7|GCNT2",751.7691,745.7532,223.56,2486906,57042,17,57046,4998,9,4,1,0,0,0,0,0,0,0,0,0,0,0,0,0,1.8,0,56.7,0,2.7,61.24,1,0,NA,"tom_result_8",NA,NA,NA,0.444444444444444,1,"peptides1","Q[+304.2]LLSC[+57]FQNAFIASK[+304.2]",745.753227,"939832448","QLLSCFQNAFIASK","113.79",113.91,"113.78","114.18",TRUE,"221023_WTC11TMTpro134N1ug_AS192shTMTpro200fmol_Tomahto_4hr_Fr1.raw","939832448","tom_tmt_1",2125532535,38788
"QQAADLISR",NA,2,"PB.2461.2|SF3B1",657.8879,653.3759,94.42,66776512,23738,23.2,23747,4998,8,13,1,0,0,0,0,0,0,0,0,0,0,0,0,0,12.8,0,176.8,3.2,0,192.76,0.852009997068459,0,NA,"tom_result_3",NA,NA,NA,1.625,9,"peptides1","Q[+304.2]QAADLISR",653.375927,"8673379328","QQAADLISR","121.41",121.41,"121.27","121.52",TRUE,"221023_WTC11TMTpro134N1ug_AS192shTMTpro200fmol_Tomahto_4hr_Fr7.raw","8673379328","tom_tmt_7",659845305782,35890
"QQAADLISR",NA,2,"PB.2461.2|SF3B1",657.8879,653.3759,93.15,210828352,22624,6.3,22630,4998,8,12,3,0,0,0,0,0,0,0,0,0,0,0,0,0,28.1,0,424.6,0,3.4,456.17,0.853811489838714,0,NA,"tom_result_4",NA,NA,NA,1.5,9,"peptides1","Q[+304.2]QAADLISR",653.375927,"47579832320","QQAADLISR","138.59",138.59,"138.45","138.73",TRUE,"221023_WTC11TMTpro134N1ug_AS192shTMTpro200fmol_Tomahto_4hr_Fr6.raw","47579832320","tom_tmt_6",1489119385880,34034
"QQMPFWMAP",NA,2,"PB.1092.8|KHDC4",724.8723,720.3604,222.59,97312144,55457,25.6,55461,2754.6,7,4,3,0,0,0,0,0,0,0,0,0,0,0,2.5,0,18.6,3.1,292.6,3.4,3.2,323.35,0.763986525032798,0,NA,"tom_result_7",NA,NA,NA,0.571428571428571,1,"peptides1","Q[+304.2]QMPFWMAP",720.360377,"510107","QQMPFWMAP","222.59",222.59,"222.59","222.59",FALSE,"221023_WTC11TMTpro134N1ug_AS192shTMTpro200fmol_Tomahto_4hr_Fr7.raw","543833","tom_tmt_7",255,10
"SGPFAPVLSATSR",NA,2,"PB.13918.1|UQCRFS1",801.9616,797.4496,145.83,126335648,30375,11.5,30380,4998,8,4,1,0,0,0,0,0,0,0,0,0,0,0,0,0,0,0,29.8,0,0,29.77,1,0,NA,"tom_result_7",NA,NA,NA,0.5,7,"peptides1","S[+304.2]GPFAPVLSATSR",797.449624,"0","SGPFAPVLSATSR","145.55",145.55,"145.55","145.56",FALSE,"221023_WTC11TMTpro134N1ug_AS192shTMTpro200fmol_Tomahto_4hr_Fr7.raw","0","tom_tmt_7",0,27
"SGPFAPVLSATSR",NA,2,"PB.13918.1|UQCRFS1",801.9616,797.4496,144.09,360338080,29501,24.5,29505,4998,8,10,3,0,0,0,0,0,0,0,0,0,0,0,0,0,24.4,2.4,280.7,0,0,307.46,1,0,NA,"tom_result_8",NA,NA,NA,1.25,7,"peptides1","S[+304.2]GPFAPVLSATSR",797.449624,"9682701312","SGPFAPVLSATSR","182.39",182.39,"182.35","182.42",TRUE,"221023_WTC11TMTpro134N1ug_AS192shTMTpro200fmol_Tomahto_4hr_Fr6.raw","9682701312","tom_tmt_6",130008491820,34034
"SGPFAPVLSATSR",NA,3,"PB.13918.1|UQCRFS1",534.9768,531.9688,145.55,48685068,30351,18.3,30355,4998,21,11,2,0,0,0,0,0,0,0,0,0,0,0,0,0,9.3,0,83.2,0,0,92.48,0.845261841989145,0,NA,"tom_result_7",NA,NA,NA,0.523809523809524,3,"peptides1","S[+304.2]GPFAPVLSATSR",531.968841,"7746882","SGPFAPVLSATSR","145.55",145.55,"145.55","145.56",FALSE,"221023_WTC11TMTpro134N1ug_AS192shTMTpro200fmol_Tomahto_4hr_Fr7.raw","7771075","tom_tmt_7",0,20
"SGPFAPVLSATSR",NA,3,"PB.13918.1|UQCRFS1",534.9768,531.9688,144.09,89600896,29502,14.9,29506,3110.7,21,15,5,2.6,0,0,0,0,0,0,0,0,0,0,3.2,0,43.4,7.1,570.5,8.5,5.4,640.75,0.76290397137841,0,NA,"tom_result_8",NA,NA,NA,0.714285714285714,3,"peptides1","S[+304.2]GPFAPVLSATSR",531.968841,"8497591808","SGPFAPVLSATSR","91.37",91.32,"91.3","91.43",TRUE,"221023_WTC11TMTpro134N1ug_AS192shTMTpro200fmol_Tomahto_4hr_Fr2.raw","8497591808","tom_tmt_2",50955835989,33751
"SLESSQTDLK",NA,2,"PB.15520.5|ZBED1",867.511,858.4871,108.84,72416656,28686,68.1,28691,4998,16,15,10,0,0,0,0,0,0,0,0,0,0,0,0,0,17.6,3.7,338.5,0,5,364.83,0.915178444591493,0,NA,"tom_result_3",NA,NA,NA,0.9375,6,"peptides1","S[+304.2]LESSQTDLK[+304.2]",858.487188,"76959973376","SLESSQTDLK","152.66",152.51,"151.96","153.47",TRUE,"221023_WTC11TMTpro134N1ug_AS192shTMTpro200fmol_Tomahto_4hr_Fr5.raw","76959973376","tom_tmt_5",284775118829,32889
"SLESSQTDLK",NA,2,"PB.15520.5|ZBED1",867.511,858.4871,107.82,50166900,27389,107.6,27401,4998,10,10,6,0,0,0,0,0,0,0,0,0,0,0,0,0,17.8,2.4,268.4,0,2.9,291.51,0.903765815353539,0,NA,"tom_result_4",NA,NA,NA,1,6,"peptides1","S[+304.2]LESSQTDLK[+304.2]",858.487188,"271372000","SLESSQTDLK","88.72",88.72,"88.7","88.79",TRUE,"221023_WTC11TMTpro134N1ug_AS192shTMTpro200fmol_Tomahto_4hr_Fr1.raw","271372000","tom_tmt_1",13792848958,38788
"SPSDTEGLVK",NA,2,"PB.1192.1|MPZL1",829.995,820.9711,112.98,1620567.125,30256,13.8,30265,4998,7,4,1,0,0,0,0,0,0,0,0,0,0,0,0,0,0,0,36.3,0,0,36.33,1,0,NA,"tom_result_3",NA,NA,NA,0.571428571428571,1,"peptides1","S[+304.2]PSDTEGLVK[+304.2]",820.971173,"6695707136","SPSDTEGLVK","116.22",116.24,"115.72","116.26",TRUE,"221023_WTC11TMTpro134N1ug_AS192shTMTpro200fmol_Tomahto_4hr_Fr5.raw","6695707136","tom_tmt_5",112696318236,32889
"SPSQGSPIQSSD",NA,2,"PB.9342.2|TBRG1",751.8857,747.3738,83,106535776,20684,79.7,20691,4998,17,7,2,12.7,0,0,0,0,0,0,0,0,0,2.1,0,0,12.4,0,184.9,3.9,0,215.93,1,0,"41.18%","tom_result_2",NA,NA,NA,0.411764705882353,1,"peptides1","S[+304.2]PSQGSPIQSSD",747.373779,"717111680","SPSQGSPIQSSD","121.58",121.58,"121.54","121.6",TRUE,"221023_WTC11TMTpro134N1ug_AS192shTMTpro200fmol_Tomahto_4hr_Fr6.raw","717111680","tom_tmt_6",33986118020,34034
"SVLEEIGLT",TRUE,2,"PB.15564.1|AP1S2",637.3815,632.8696,219.84,5367864.5,66776,223.7,66780,4998,8,7,4,0,0,0,0,0,0,0,0,0,0,0,0,0,21.4,3.9,337.2,7.2,2.3,372.13,0.818349399,0,"87.50%","tom_result_2",NA,NA,NA,0.875,21,"peptides1","S[+304.2]VLEEIGLT",632.869612,"3548386","SVLEEIGLT","219.85",219.84,"219.82","219.85",FALSE,"221023_WTC11TMTpro134N1ug_AS192shTMTpro200fmol_Tomahto_4hr_Fr2.raw","3793437","tom_tmt_2",0,19
"SVLEEIGLT",NA,2,"PB.15564.1|AP1S2",637.3815,632.8696,219.55,2431017.5,70942,261.6,70946,4998,6,7,3,0,0,0,0,0,0,0,0,0,0,0,0,0,11.8,0,98.6,0,28.8,139.13,0.851198240280913,0,NA,"tom_result_3",NA,NA,NA,1.16666666666667,21,"peptides1","S[+304.2]VLEEIGLT",632.869612,"23513098","SVLEEIGLT","219.71",219.68,"219.65","219.71",FALSE,"221023_WTC11TMTpro134N1ug_AS192shTMTpro200fmol_Tomahto_4hr_Fr3.raw","24839968","tom_tmt_3",0,18
"SVLEEIGLT",NA,2,"PB.15564.1|AP1S2",637.3815,632.8696,219.77,29394972,69656,75.6,69663,4998,9,13,6,2.7,0,0,0,0,0,0,0,0,0,0,0,0,37.4,3.4,454,0,22.1,519.59,0.922654359498963,0,NA,"tom_result_4",NA,NA,NA,1.44444444444444,21,"peptides1","S[+304.2]VLEEIGLT",632.869612,"8056309","SVLEEIGLT","220.11",220.11,"220.1","220.11",TRUE,"221023_WTC11TMTpro134N1ug_AS192shTMTpro200fmol_Tomahto_4hr_Fr5.raw","8193559","tom_tmt_5",196778810580,32889
"SVLEEIGLT",NA,2,"PB.15564.1|AP1S2",637.3815,632.8696,220.1,82366696,65261,18.3,65275,3201.5,7,8,5,0,0,0,0,0,0,0,0,0,0,0,0,0,26.9,2,375.2,0,13.7,417.86,0.844524759386652,0,NA,"tom_result_5",NA,NA,NA,1.14285714285714,21,"peptides1","S[+304.2]VLEEIGLT",632.869612,"8056309","SVLEEIGLT","220.11",220.1,"220.1","220.11",FALSE,"221023_WTC11TMTpro134N1ug_AS192shTMTpro200fmol_Tomahto_4hr_Fr5.raw","8193559","tom_tmt_5",0,14
"SVLEEIGLT",NA,2,"PB.15564.1|AP1S2",637.3815,632.8696,219.77,33960864,59591,20.5,59595,4998,6,8,5,0,0,0,0,0,0,0,0,0,0,0,0,0,15.9,0,241.8,0,11.5,269.29,0.877536279813133,0,NA,"tom_result_6",NA,NA,NA,1.33333333333333,21,"peptides1","S[+304.2]VLEEIGLT",632.869612,"872864128","SVLEEIGLT","98.07",98.07,"98.02","98.14",TRUE,"221023_WTC11TMTpro134N1ug_AS192shTMTpro200fmol_Tomahto_4hr_Fr1.raw","872864128","tom_tmt_1",18029461011,38788
"SVLEEIGLT",NA,2,"PB.15564.1|AP1S2",637.3815,632.8696,219.68,27841518,54476,19.7,54482,4998,8,4,3,0,0,0,0,0,0,0,0,0,0,0,0,0,5.1,0,115.8,2.7,13.4,137.04,0.874322758495387,0,NA,"tom_result_7",NA,NA,NA,0.5,21,"peptides1","S[+304.2]VLEEIGLT",632.869612,"872864128","SVLEEIGLT","98.07",98.07,"98.02","98.14",TRUE,"221023_WTC11TMTpro134N1ug_AS192shTMTpro200fmol_Tomahto_4hr_Fr1.raw","872864128","tom_tmt_1",18029461011,38788
"SVLEEIGLT",NA,2,"PB.15564.1|AP1S2",637.3815,632.8696,219.96,14323415,55747,21.7,55751,4998,8,4,2,0,0,0,0,0,0,0,0,0,0,0,0,0,2.9,0,76.4,0,3.3,82.56,0.922285767080096,0,NA,"tom_result_8",NA,NA,NA,0.5,21,"peptides1","S[+304.2]VLEEIGLT",632.869612,"872864128","SVLEEIGLT","98.07",98.07,"98.02","98.14",TRUE,"221023_WTC11TMTpro134N1ug_AS192shTMTpro200fmol_Tomahto_4hr_Fr1.raw","872864128","tom_tmt_1",18029461011,38788
"TFEVPEENTAETITR",TRUE,2,"PB.15520.5|ZBED1",1025.536,1021.0241,146.33,108111720,42130,60.1,42135,4998,16,16,5,9.3,0,0,0,0,0,0,0,0,0,0,0,0,56.8,4.8,590.5,8,0,669.41,0.944033176,0,"100.00%","tom_result_2",NA,NA,NA,1,2,"peptides1","T[+304.2]FEVPEENTAETITR",1021.024078,"30091066","TFEVPEENTAETITR","77.49",77.49,"76.93","77.59",TRUE,"221023_WTC11TMTpro134N1ug_AS192shTMTpro200fmol_Tomahto_4hr_Fr4.raw","30091066","tom_tmt_4",6333048268,30228
"TFEVPEENTAETITR",TRUE,3,"PB.15520.5|ZBED1",684.0264,681.0185,146.12,105286600,42107,38.9,42111,4998,24,18,6,47,0,0,0,0,0,0,0,0,2,0,8.5,0,192.9,23.1,2919.6,23.5,17.9,3234.34,0.805561429,0,"75.00%","tom_result_2",NA,NA,NA,0.75,3,"peptides1","T[+304.2]FEVPEENTAETITR",681.018477,"6794758","TFEVPEENTAETITR","146.1",146.09,"146.09","146.1",FALSE,"221023_WTC11TMTpro134N1ug_AS192shTMTpro200fmol_Tomahto_4hr_Fr2.raw","7159592","tom_tmt_2",0,8
"TQKPNETDQK",NA,3,"PB.13447.2|CIRBP",710.0977,701.0738,68.08,55901680,15830,22.4,15836,4998,10,6,2,0,0,0,0,0,0,0,0,0,0,0,0,0,9.8,0,122.7,0,0,132.47,1,0,NA,"tom_result_4",NA,NA,NA,0.6,1,"peptides1","T[+304.2]QK[+304.2]PNETDQK[+304.2]",701.073831,"690397568","TQKPNETDQK","61.35",60.92,"60.45","61.4",TRUE,"221023_WTC11TMTpro134N1ug_AS192shTMTpro200fmol_Tomahto_4hr_Fr5.raw","690397568","tom_tmt_5",151006779084,32889
"TRPKPIITSVPK",NA,3,"PB.12095.3|CHTF8",759.5129,750.489,102.06,6506830,18950,133,18954,4998,9,5,1,0,0,0,0,0,0,0,0,0,0,0,0,0,22.1,1.9,381.2,3.7,0,408.81,0.877957258488921,0,NA,"tom_result_8",NA,NA,NA,0.555555555555556,1,"peptides1","T[+304.2]RPK[+304.2]PIITSVPK[+304.2]",750.489028,"95648952","TRPKPIITSVPK","138.26",138.31,"138.2","138.34",TRUE,"221023_WTC11TMTpro134N1ug_AS192shTMTpro200fmol_Tomahto_4hr_Fr6.raw","95648952","tom_tmt_6",35038058425,34034
"VENMSSNQDGNDSDEFM",TRUE,2,"PB.6813.5|CCDC25",1116.4724,1111.9605,163.05,7415105,43411,333.8,43415,4998,31,27,10,4.3,0,0,0,0,0,0,0,0,0,0,0,0,64.2,6.9,724.3,9.4,0,809.07,0.826907466,0,"87.10%","tom_result_1",NA,NA,NA,0.870967741935484,4,"peptides1","V[+304.2]ENMSSNQDGNDSDEFM",1111.960492,"923376","VENMSSNQDGNDSDEFM","163.03",163.03,"163.02","163.03",FALSE,"221023_WTC11TMTpro134N1ug_AS192shTMTpro200fmol_Tomahto_4hr_Fr1.raw","938767","tom_tmt_1",0,14
"VENMSSNQDGNDSDEFM",TRUE,2,"PB.6813.5|CCDC25",1116.4724,1111.9605,162.72,1334215.5,48040,900,48044,4998,29,15,7,0,0,0,0,0,0,0,0,0,0,0,0,0,6,0,122,0,0,128,0.892672964,0,"51.72%","tom_result_2",NA,NA,NA,0.517241379310345,4,"peptides1","V[+304.2]ENMSSNQDGNDSDEFM",1111.960492,"6542021120","VENMSSNQDGNDSDEFM","152.28",152.28,"152.16","152.3",TRUE,"221023_WTC11TMTpro134N1ug_AS192shTMTpro200fmol_Tomahto_4hr_Fr5.raw","6542021120","tom_tmt_5",71927340446,32889
"VEQATKPSFER",NA,3,"PB.715.13|RBMXL1",640.0469,634.0309,98.44,781832128,22801,4.6,22806,4998,9,7,1,0,0,0,0,0,0,0,0,0,0,0,0,0,5.4,0,102.5,0,0,107.92,0.661811716067709,0,NA,"tom_result_5",NA,NA,NA,0.777777777777778,2,"peptides1","V[+304.2]EQATK[+304.2]PSFER",634.030978,"53135160","VEQATKPSFER","121.17",121.17,"121.05","121.2",TRUE,"221023_WTC11TMTpro134N1ug_AS192shTMTpro200fmol_Tomahto_4hr_Fr1.raw","53135160","tom_tmt_1",3749470139,38788
"VTNSSITIGPPLP",NA,2,"PB.131.1|FBXO44",804.9794,800.4675,195.88,111315040,49709,24.6,49714,4998,11,5,1,0,0,0,0,0,0,0,0,0,0,0,0,0,0,0,21.7,0,1.8,23.53,1,0,NA,"tom_result_6",NA,NA,NA,0.454545454545455,2,"peptides1","V[+304.2]TNSSITIGPPLP",800.467482,"160023216","VTNSSITIGPPLP","195.3",195.29,"195.22","195.37",FALSE,"221023_WTC11TMTpro134N1ug_AS192shTMTpro200fmol_Tomahto_4hr_Fr6.raw","160839056","tom_tmt_6",0,324
"VTNSSITIGPPLP",NA,3,"PB.131.1|FBXO44",536.9887,533.9807,196.08,14576121,49729,80,49736,4998,16,8,1,6,0,0,0,0,0,0,0,0,0,0,0,0,8.9,0,181.8,0,6.6,203.31,1,0,NA,"tom_result_6",NA,NA,NA,0.5,1,"peptides1","V[+304.2]TNSSITIGPPLP",533.980747,"10633194","VTNSSITIGPPLP","195.3",195.29,"195.22","195.37",FALSE,"221023_WTC11TMTpro134N1ug_AS192shTMTpro200fmol_Tomahto_4hr_Fr6.raw","11043106","tom_tmt_6",0,59
"WEDAIPLALK",NA,2,"PB.9965.4|LTA4H",891.5551,882.5312,216.95,10077542,64101,135.8,64106,4998,14,13,10,0,0,0,0,0,0,0,0,0,0,0,0,0,39.6,5.4,516,0,49.6,610.53,0.841555417263501,0,NA,"tom_result_5",NA,NA,NA,0.928571428571429,10,"peptides1","W[+304.2]EDAIPLALK[+304.2]",882.531201,"62009768","WEDAIPLALK","83.71",83.72,"83.43","84.01",TRUE,"221023_WTC11TMTpro134N1ug_AS192shTMTpro200fmol_Tomahto_4hr_Fr7.raw","63249208","tom_tmt_7",20095788712,35890
"WEDAIPLALK",NA,2,"PB.9965.4|LTA4H",891.5551,882.5312,216.38,36173140,58272,23.3,58276,4998,14,16,10,0,0,0,0,0,0,0,0,0,0,0,0,0,45,3.1,580.8,8.6,17.7,655.31,0.90493772133131,0,NA,"tom_result_6",NA,NA,NA,1.14285714285714,10,"peptides1","W[+304.2]EDAIPLALK[+304.2]",882.531201,"62009768","WEDAIPLALK","83.71",83.72,"83.43","84.01",TRUE,"221023_WTC11TMTpro134N1ug_AS192shTMTpro200fmol_Tomahto_4hr_Fr7.raw","63249208","tom_tmt_7",20095788712,35890
"WEDAIPLALK",NA,2,"PB.9965.4|LTA4H",891.5551,882.5312,215.83,15631656,53172,13.1,53176,4998,15,14,10,0,0,0,0,0,0,0,0,0,0,0,0,0,34.1,3.6,521.1,4.7,11.6,575.09,0.867210245017989,0,NA,"tom_result_7",NA,NA,NA,0.933333333333333,10,"peptides1","W[+304.2]EDAIPLALK[+304.2]",882.531201,"62009768","WEDAIPLALK","83.71",83.72,"83.43","84.01",FALSE,"221023_WTC11TMTpro134N1ug_AS192shTMTpro200fmol_Tomahto_4hr_Fr7.raw","63249208","tom_tmt_7",0,8
"WEDAIPLALK",NA,2,"PB.9965.4|LTA4H",891.5551,882.5312,216.21,28910012,54379,43.4,54387,4998,14,15,10,0,0,0,0,0,0,0,0,0,0,0,0,0,30.4,3.6,527.3,4.8,14.6,580.74,0.842867286781359,0,NA,"tom_result_8",NA,NA,NA,1.07142857142857,10,"peptides1","W[+304.2]EDAIPLALK[+304.2]",882.531201,"5975103","WEDAIPLALK","113.62",113.65,"113.61","113.69",FALSE,"221023_WTC11TMTpro134N1ug_AS192shTMTpro200fmol_Tomahto_4hr_Fr8.raw","7270755","tom_tmt_8",43600,9
"WEDAIPLALK",NA,3,"PB.9965.4|LTA4H",594.7058,588.6899,216.74,20555624,64077,72.7,64081,4998,12,17,10,0,0,0,0,0,0,0,0,0,0,0,2.2,0,103.2,8.8,1377.2,12.8,45.5,1549.65,0.697813449492433,0,NA,"tom_result_5",NA,NA,NA,1.41666666666667,11,"peptides1","W[+304.2]EDAIPLALK[+304.2]",588.689893,"637960192","WEDAIPLALK","56.7",56.7,"56.63","56.78",TRUE,"221023_WTC11TMTpro134N1ug_AS192shTMTpro200fmol_Tomahto_4hr_Fr1.raw","637960192","tom_tmt_1",1650111578,38788
"WEDAIPLALK",NA,3,"PB.9965.4|LTA4H",594.7058,588.6899,215.93,3027623,58163,89.6,58169,4998,11,10,3,0,0,0,0,0,0,0,0,0,0,0,2.5,0,55.9,4.7,401.7,0,2.5,467.22,0.734263363799881,0,NA,"tom_result_6",NA,NA,NA,0.909090909090909,11,"peptides1","W[+304.2]EDAIPLALK[+304.2]",588.689893,"637960192","WEDAIPLALK","56.7",56.7,"56.63","56.78",TRUE,"221023_WTC11TMTpro134N1ug_AS192shTMTpro200fmol_Tomahto_4hr_Fr1.raw","637960192","tom_tmt_1",1650111578,38788
"WEDAIPLALK",NA,3,"PB.9965.4|LTA4H",594.7058,588.6899,215.83,40134064,53171,79.6,53175,2438.2,14,17,8,0,0,0,0,0,0,0,0,0,0,0,5,0,126.7,10.8,1655.1,15.3,52,1864.93,0.732170705672529,0,NA,"tom_result_7",NA,NA,NA,1.21428571428571,11,"peptides1","W[+304.2]EDAIPLALK[+304.2]",588.689893,"637960192","WEDAIPLALK","56.7",56.7,"56.63","56.78",TRUE,"221023_WTC11TMTpro134N1ug_AS192shTMTpro200fmol_Tomahto_4hr_Fr1.raw","637960192","tom_tmt_1",1650111578,38788
"WEDAIPLALK",NA,3,"PB.9965.4|LTA4H",594.7058,588.6899,216.01,9704460,54359,68.4,54363,4855.6,15,14,7,0,0,0,0,0,0,0,0,0,0,0,0,0,77.6,6.8,1250.3,11.1,41.7,1387.45,0.74414211054027,0,NA,"tom_result_8",NA,NA,NA,0.933333333333333,11,"peptides1","W[+304.2]EDAIPLALK[+304.2]",588.689893,"637960192","WEDAIPLALK","56.7",56.7,"56.63","56.78",TRUE,"221023_WTC11TMTpro134N1ug_AS192shTMTpro200fmol_Tomahto_4hr_Fr1.raw","637960192","tom_tmt_1",1650111578,38788
"YVSGSSAER",TRUE,2,"PB.6209.3|RHBDD2",634.8431,630.3312,52.73,18825238,11508,35.8,11514,4998,7,5,4,0,0,0,0,0,0,0,0,0,0,0,0,0,6.8,0,99.3,0,0,106.16,0.916420776,0,"71.43%","tom_result_2",NA,NA,NA,0.714285714285714,8,"peptides1","Y[+304.2]VSGSSAER",630.331186,"53168240","YVSGSSAER","201.3",201.3,"201.14","201.34",TRUE,"221023_WTC11TMTpro134N1ug_AS192shTMTpro200fmol_Tomahto_4hr_Fr8.raw","53168240","tom_tmt_8",3064146727,35225
"YVSGSSAER",NA,2,"PB.6209.3|RHBDD2",634.8431,630.3312,52.05,42253596,11290,31.7,11296,4998,7,8,4,0,0,0,0,0,0,0,0,0,0,0,0,0,6.1,0,163.4,2.7,2.3,174.57,0.925296380755234,0,NA,"tom_result_3",NA,NA,NA,1.14285714285714,8,"peptides1","Y[+304.2]VSGSSAER",630.331186,"53168240","YVSGSSAER","201.3",201.3,"201.14","201.34",TRUE,"221023_WTC11TMTpro134N1ug_AS192shTMTpro200fmol_Tomahto_4hr_Fr8.raw","53168240","tom_tmt_8",3064146727,35225
